date,article_count,mean_compound,median_compound,std_compound,min_compound,max_compound,pct_negative,pct_positive,weighted_compound,sent_ema3,sent_ema10,sent_momentum,dominant_sentiment,spy_close,spy_return_1d,spy_gap_pct,spy_range_pct,spy_return_5d,spy_return_20d,qqq_close,qqq_return_1d,qqq_gap_pct,qqq_range_pct,qqq_return_5d,qqq_return_20d,dia_close,dia_return_1d,dia_gap_pct,dia_range_pct,dia_return_5d,dia_return_20d,vix_close,vix_pct_chg,market_direction,spy_return_next1d,spy_up_next1d,qqq_return_next1d,qqq_up_next1d,dia_return_next1d,dia_up_next1d,vix_regime,sent_quantile_60d,rolling_corr_60d,sent_compound_L1,sent_neg_pct_L1,sent_momentum_L1,sent_compound_L2,sent_neg_pct_L2,sent_momentum_L2,sent_compound_L3,sent_neg_pct_L3,sent_momentum_L3,sent_compound_L4,sent_neg_pct_L4,sent_momentum_L4,sent_compound_L5,sent_neg_pct_L5,sent_momentum_L5,sent_rolling_mean_5d,sent_rolling_std_5d,neg_pct_rolling_5d,sent_rolling_mean_10d,sent_rolling_std_10d,neg_pct_rolling_10d,sent_rolling_mean_20d,sent_rolling_std_20d,neg_pct_rolling_20d,spy_return_L1,spy_return_L2,spy_return_L3,vix_L1,vix_change_1d,vix_regime_code,sent_x_vix,sent_x_article_count,article_count_zscore,day_of_week,sent_sign_change
2020-03-16,1,-0.9042,-0.9042,,-0.9042,-0.9042,1.0,0.0,-0.9042,-0.9042,-0.9042,0.0,negative,219.19114685058594,-10.94,-10.45,7.26,-12.540000000000001,-28.95,163.1576690673828,-11.98,-9.46,8.07,-12.540000000000001,-27.85,181.23837280273438,-12.76,-11.03,7.24,-15.18,-31.06,82.69000244140625,42.99,-1,-2.98,0.0,-3.44,0.0,-3.8699999999999997,0.0,extreme,,,,,,,,,,,,,,,,,,,,,,,,,,,,,,,,3,-74.7683,-0.9042,,0,1
2020-03-27,1,-0.1921,-0.1921,,-0.1921,-0.1921,1.0,0.0,-0.1921,-0.5482,-0.7747,0.2266,negative,232.95416259765625,-2.98,-3.04,3.74,10.76,-13.96,178.95774841308594,-3.44,-2.59,3.05,8.780000000000001,-9.77,194.2245635986328,-3.8699999999999997,-3.3099999999999996,3.8600000000000003,12.740000000000002,-14.760000000000002,65.54000091552734,7.4399999999999995,-1,-2.44,0.0,-2.79,0.0,-1.9800000000000002,0.0,extreme,,,-0.9042,1.0,0.0,,,,,,,,,,,,,,,,,,,,,,-10.94,,,82.69000244140625,-17.15,3,-12.5902,-0.1921,,4,0
2021-01-27,1,-0.128,-0.128,,-0.128,-0.128,1.0,0.0,-0.128,-0.3381,-0.6571,0.3191,negative,348.55096435546875,-2.44,-0.9299999999999999,2.17,-2.4699999999999998,0.6,309.5934753417969,-2.79,-0.7100000000000001,2.71,-1.34,2.16,276.5592041015625,-1.9800000000000002,-0.9199999999999999,1.49,-2.73,-0.2,37.209999084472656,61.63999999999999,-1,-0.27999999999999997,0.0,-1.16,0.0,0.08,1.0,extreme,,,-0.1921,1.0,0.2266,-0.9042,1.0,0.0,,,,,,,,,,,,,,,,,,,-2.98,-10.94,,65.54000091552734,-28.33,3,-4.7629,-0.128,,2,0
2021-11-22,1,-0.1027,-0.1027,,-0.1027,-0.1027,1.0,0.0,-0.1027,-0.2204,-0.5563,0.3359,negative,439.5347595214844,-0.27999999999999997,0.43,1.32,0.03,2.64,388.37237548828125,-1.16,0.38999999999999996,2.36,1.1900000000000002,5.65,329.59478759765625,0.08,0.44,0.89,-1.2,-0.18,19.170000076293945,7.04,-1,-1.92,0.0,-3.0700000000000003,0.0,-1.03,0.0,normal,,,-0.128,1.0,0.3191,-0.1921,1.0,0.2266,-0.9042,1.0,0.0,,,,,,,,,,,,,,,,-2.44,-2.98,-10.94,37.209999084472656,-18.04,1,-1.9688,-0.1027,,0,0
2022-01-05,1,0.2023,0.2023,,0.2023,0.2023,0.0,1.0,0.2023,-0.009,-0.4184,0.4094,positive,441.843017578125,-1.92,-0.08,2.03,-1.91,0.37,374.2505187988281,-3.0700000000000003,-0.44,2.9899999999999998,-4.3,-3.2800000000000002,337.5171203613281,-1.03,-0.04,1.5,-0.21,1.96,19.729999542236328,16.68,-1,-3.8,0.0,-4.65,0.0,-2.8000000000000003,0.0,normal,,,-0.1027,1.0,0.3359,-0.128,1.0,0.3191,-0.1921,1.0,0.2266,-0.9042,1.0,0.0,,,,-0.2249,0.4091,0.8,,,,,,,-0.27999999999999997,-2.44,-2.98,19.170000076293945,0.56,1,3.9914,0.2023,,2,1
2022-06-13,1,-0.872,-0.872,,-0.872,-0.872,1.0,0.0,-0.872,-0.4405,-0.5009,0.0604,negative,354.8526306152344,-3.8,-2.55,2.18,-8.93,-6.65,268.5465393066406,-4.65,-3.15,2.7,-10.35,-8.790000000000001,285.3352355957031,-2.8000000000000003,-2.19,1.7399999999999998,-7.249999999999999,-4.9399999999999995,34.02000045776367,22.59,-1,-4.35,0.0,-5.48,0.0,-3.9600000000000004,0.0,elevated,,,0.2023,0.0,0.4094,-0.1027,1.0,0.3359,-0.128,1.0,0.3191,-0.1921,1.0,0.2266,-0.9042,1.0,0.0,-0.2185,0.3957,0.8,,,,,,,-1.92,-0.27999999999999997,-2.44,19.729999542236328,14.29,2,-29.6654,-0.872,,0,1
2022-09-13,1,-0.2732,-0.2732,,-0.2732,-0.2732,1.0,0.0,-0.2732,-0.3569,-0.4595,0.1026,negative,373.58697509765625,-4.35,-2.22,2.7199999999999998,0.6,-8.34,286.9311828613281,-5.48,-2.88,3.29,0.22,-11.82,292.43621826171875,-3.9600000000000004,-1.78,2.7,-0.15,-7.969999999999999,27.270000457763672,14.24,-1,5.5,1.0,7.380000000000001,1.0,3.66,1.0,elevated,,,-0.872,1.0,0.0604,0.2023,0.0,0.4094,-0.1027,1.0,0.3359,-0.128,1.0,0.3191,-0.1921,1.0,0.2266,-0.2347,0.396,0.8,,,,,,,-3.8,-1.92,-0.27999999999999997,34.02000045776367,-6.75,2,-7.4502,-0.2732,,1,0
2022-11-10,1,0.7003,0.7003,,0.7003,0.7003,0.0,1.0,0.7003,0.1717,-0.2486,0.4203,positive,376.638916015625,5.5,3.7199999999999998,2.5100000000000002,6.38,7.85,276.72998046875,7.380000000000001,4.82,3.49,8.55,5.18,317.4176940917969,3.66,2.73,1.72,5.4399999999999995,12.280000000000001,23.530000686645508,-9.81,1,-1.44,0.0,-1.4000000000000001,0.0,-1.04,0.0,normal,,,-0.2732,1.0,0.1026,-0.872,1.0,0.0604,0.2023,0.0,0.4094,-0.1027,1.0,0.3359,-0.128,1.0,0.3191,-0.0691,0.5816,0.6,,,,,,,-4.35,-3.8,-1.92,27.270000457763672,-3.74,1,16.4781,0.7003,,3,1
2023-03-10,1,-0.9274,-0.9274,,-0.9274,-0.9274,1.0,0.0,-0.9274,-0.3778,-0.372,-0.0058,negative,369.95159912109375,-1.44,-0.15,2.26,-4.52,-5.2,283.0826416015625,-1.4000000000000001,0.06,2.3800000000000003,-3.71,-4.35,302.9629211425781,-1.04,-0.16999999999999998,1.9900000000000002,-4.33,-4.99,24.799999237060547,9.69,-1,0.02,1.0,-0.33,0.0,0.26,1.0,normal,,,0.7003,0.0,0.4203,-0.2732,1.0,0.1026,-0.872,1.0,0.0604,0.2023,0.0,0.4094,-0.1027,1.0,0.3359,-0.234,0.6987,0.6,,,,,,,5.5,-4.35,-3.8,23.530000686645508,1.27,1,-22.9995,-0.9274,,4,1
2023-07-26,1,0.3182,0.3182,,0.3182,0.3182,0.0,1.0,0.3182,-0.0298,-0.2465,0.2167,positive,439.96826171875,0.02,-0.21,0.79,0.06999999999999999,4.43,371.4490966796875,-0.33,-0.27999999999999997,1.0699999999999998,-2.11,3.7600000000000002,339.45263671875,0.26,-0.33,0.89,1.38,4.8,13.1899995803833,-4.83,1,-0.88,0.0,-0.9400000000000001,0.0,-0.75,0.0,low,,,-0.9274,1.0,-0.0058,0.7003,0.0,0.4203,-0.2732,1.0,0.1026,-0.872,1.0,0.0604,0.2023,0.0,0.4094,-0.2108,0.7184,0.6,-0.2179,0.5512,0.7,,,,-1.44,5.5,-4.35,24.799999237060547,-11.61,0,4.1971,0.3182,,2,1
2023-10-19,1,-0.25,-0.25,,-0.25,-0.25,1.0,0.0,-0.25,-0.1399,-0.2472,0.1073,negative,413.3332824707031,-0.88,0.16999999999999998,1.6500000000000001,-1.67,-1.15,354.69403076171875,-0.9400000000000001,0.4,1.8900000000000001,-2.69,0.59,320.5804443359375,-0.75,0.02,1.44,-0.64,-1.9,21.399999618530273,11.34,-1,0.54,1.0,0.12,1.0,0.63,1.0,normal,,,0.3182,0.0,0.2167,-0.9274,1.0,-0.0058,0.7003,0.0,0.4203,-0.2732,1.0,0.1026,-0.872,1.0,0.0604,-0.0864,0.6228,0.6,-0.1525,0.4968,0.7,,,,0.02,-1.44,5.5,13.1899995803833,8.21,1,-5.35,-0.25,,3,1
2024-01-25,1,0.3818,0.3818,,0.3818,0.3818,0.0,1.0,0.3818,0.1209,-0.1328,0.2537,positive,474.95928955078125,0.54,0.44999999999999996,0.6,2.42,2.6,421.1615905761719,0.12,0.59,1.1900000000000002,3.2300000000000004,3.82,367.0325927734375,0.63,0.26,0.7000000000000001,1.5699999999999998,1.4200000000000002,13.449999809265137,2.36,1,-0.3,0.0,-0.43,0.0,-0.26,0.0,low,,,-0.25,1.0,0.1073,0.3182,0.0,0.2167,-0.9274,1.0,-0.0058,0.7003,0.0,0.4203,-0.2732,1.0,0.1026,0.0446,0.6423,0.4,-0.0951,0.5241,0.6,,,,-0.88,0.02,-1.44,21.399999618530273,-7.95,0,5.1352,0.3818,,3,1
2024-09-18,1,-0.5719,-0.5719,,-0.5719,-0.5719,1.0,0.0,-0.5719,-0.2255,-0.2126,-0.0128,negative,549.8299560546875,-0.3,0.12,1.4000000000000001,1.26,0.48,467.0599060058594,-0.43,0.26,1.69,0.6,-1.8399999999999999,405.31280517578125,-0.26,0.06,1.31,1.69,1.87,18.229999542236328,3.52,-1,2.4899999999999998,1.0,2.7199999999999998,1.0,3.54,1.0,normal,,,0.3818,0.0,0.2537,-0.25,1.0,0.1073,0.3182,0.0,0.2167,-0.9274,1.0,-0.0058,0.7003,0.0,0.4203,-0.2099,0.5649,0.6,-0.1395,0.5456,0.6,,,,0.54,-0.88,0.02,13.449999809265137,4.78,1,-10.4257,-0.5719,,2,1
2024-11-06,1,0.34,0.34,,0.34,0.34,0.0,1.0,0.34,0.0573,-0.1122,0.1694,positive,580.6346435546875,2.4899999999999998,2.17,1.13,1.9,2.41,501.5865478515625,2.7199999999999998,1.7000000000000002,1.38,1.8499999999999999,2.52,427.21484375,3.54,2.93,0.97,3.6700000000000004,2.9000000000000004,16.270000457763672,-20.599999999999998,1,-0.67,0.0,-0.8,0.0,-0.25,0.0,normal,,,-0.5719,1.0,-0.0128,0.3818,0.0,0.2537,-0.25,1.0,0.1073,0.3182,0.0,0.2167,-0.9274,1.0,-0.0058,0.0436,0.4309,0.4,-0.0952,0.5665,0.5,,,,-0.3,0.54,-0.88,18.229999542236328,-1.96,1,5.5318,0.34,,2,1
2025-02-03,1,-0.8519,-0.8519,,-0.8519,-0.8519,1.0,0.0,-0.8519,-0.3973,-0.2467,-0.1507,negative,589.22265625,-0.67,-1.52,1.63,-0.27,2.25,514.846435546875,-0.8,-1.69,1.8800000000000001,0.76,1.54,435.77606201171875,-0.25,-1.3,1.6199999999999999,-0.64,4.87,18.6200008392334,13.33,-1,-0.33999999999999997,0.0,-0.6799999999999999,0.0,-0.16999999999999998,0.0,normal,,,0.34,0.0,0.1694,-0.5719,1.0,-0.0128,0.3818,0.0,0.2537,-0.25,1.0,0.1073,0.3182,0.0,0.2167,-0.1904,0.5467,0.6,-0.2006,0.6019,0.6,,,,2.4899999999999998,-0.3,0.54,16.270000457763672,2.35,1,-15.8624,-0.8519,,0,1
2026-03-24,1,0.0,0.0,,0.0,0.0,0.0,0.0,0.0,-0.1987,-0.2018,0.0032,neutral,653.1799926757812,-0.33999999999999997,-0.62,1.09,-2.36,-4.71,583.97998046875,-0.6799999999999999,-0.54,1.02,-3.08,-3.81,460.9743957519531,-0.16999999999999998,-0.77,1.41,-1.8499999999999999,-6.02,26.950000762939453,3.06,-1,-0.33,0.0,-0.76,0.0,0.15,1.0,elevated,,,-0.8519,1.0,-0.1507,0.34,0.0,0.1694,-0.5719,1.0,-0.0128,0.3818,0.0,0.2537,-0.25,1.0,0.1073,-0.1404,0.5513,0.4,-0.1134,0.5552,0.5,,,,-0.67,2.4899999999999998,-0.3,18.6200008392334,8.33,2,0.0,0.0,,1,1
2026-03-30,4,0.1882,0.1819,0.6502,-0.4588,0.8481,0.5,0.5,0.1882,0.0002,-0.1349,0.1351,positive,631.969970703125,-0.33,0.95,1.7500000000000002,-3.5700000000000003,-7.68,558.280029296875,-0.76,0.8500000000000001,2.21,-5.050000000000001,-8.08,451.86822509765625,0.15,0.9299999999999999,1.26,-2.15,-7.39,30.610000610351562,-1.4200000000000002,-1,2.91,1.0,3.39,1.0,2.46,1.0,elevated,,,0.0,0.0,0.0032,-0.8519,1.0,-0.1507,0.34,0.0,0.1694,-0.5719,1.0,-0.0128,0.3818,0.0,0.2537,-0.1791,0.5107,0.5,-0.0673,0.5596,0.45,,,,-0.33999999999999997,-0.67,2.4899999999999998,26.950000762939453,3.66,2,5.7608,0.7528,,0,1
2026-03-31,2,0.4254,0.4254,0.7469,-0.1027,0.9536,0.5,0.5,0.4254,0.2128,-0.033,0.2459,positive,650.3400268554688,2.91,1.0999999999999999,2.15,-0.43,-4.15,577.1799926757812,3.39,1.08,2.58,-1.16,-3.94,462.9934997558594,2.46,1.05,2.02,0.44,-4.390000000000001,25.25,-17.51,1,0.75,1.0,1.24,1.0,0.49,1.0,elevated,,,0.1882,0.5,0.1351,0.0,0.0,0.0032,-0.8519,1.0,-0.1507,0.34,0.0,0.1694,-0.5719,1.0,-0.0128,0.0203,0.5137,0.4,-0.0948,0.5233,0.5,,,,-0.33,-0.33999999999999997,-0.67,30.610000610351562,-5.36,2,10.7414,0.8508,,1,0
2026-04-01,2,-0.5796,-0.5796,0.0976,-0.6486,-0.5106,1.0,0.0,-0.5796,-0.1834,-0.1324,-0.051,negative,655.239990234375,0.75,0.5499999999999999,0.8500000000000001,-0.24,-4.1000000000000005,584.3099975585938,1.24,0.74,1.27,-0.6,-4.21,465.2825622558594,0.49,0.61,0.73,0.29,-4.36,24.540000915527344,-2.81,1,0.09,1.0,0.11,1.0,-0.09,0.0,normal,,,0.4254,0.5,0.2459,0.1882,0.5,0.1351,0.0,0.0,0.0032,-0.8519,1.0,-0.1507,0.34,0.0,0.1694,-0.1636,0.5349,0.6,-0.06,0.4707,0.5,,,,2.91,-0.33,-0.33999999999999997,25.25,-0.71,1,-14.2234,-1.1592,,2,1
2026-04-02,7,-0.6804,-0.7469,0.2496,-0.9199,-0.2782,1.0,0.0,-0.6804,-0.4319,-0.232,-0.1999,negative,655.8300170898438,0.09,-1.35,2.0,1.66,-3.4799999999999995,584.97998046875,0.11,-1.77,2.42,1.95,-3.81,464.8627014160156,-0.09,-1.1400000000000001,1.8599999999999999,1.25,-2.87,23.8700008392334,-2.73,1,0.47000000000000003,1.0,0.6,1.0,0.37,1.0,normal,,,-0.5796,1.0,-0.051,0.4254,0.5,0.2459,0.1882,0.5,0.1351,0.0,0.0,0.0032,-0.8519,1.0,-0.1507,-0.1293,0.4826,0.6,-0.1598,0.4872,0.6,-0.1889,0.5072,0.65,0.75,2.91,-0.33,24.540000915527344,-0.67,1,-16.2411,-4.7628,3.712,3,0
2026-04-06,4,-0.5904,-0.5874,0.2858,-0.891,-0.296,1.0,0.0,-0.5904,-0.3301,-0.2327,-0.0974,negative,658.9299926757812,0.47000000000000003,0.0,0.64,3.92,-1.73,588.5,0.6,0.21,1.01,4.61,-1.7500000000000002,466.5719909667969,0.37,-0.19,0.77,3.4099999999999997,-1.5699999999999998,24.170000076293945,1.26,1,0.04,1.0,0.02,1.0,-0.19,0.0,normal,,,-0.6804,1.0,-0.1999,-0.5796,1.0,-0.051,0.4254,0.5,0.2459,0.1882,0.5,0.1351,0.0,0.0,0.0032,-0.2474,0.5143,0.8,-0.1939,0.5058,0.6,-0.1732,0.4884,0.65,0.09,0.75,2.91,23.8700008392334,0.3,1,-14.27,-2.3616,1.475,0,0
2026-04-07,7,-0.0133,0.0,0.7081,-0.9217,0.875,0.4286,0.4286,-0.0133,-0.1717,-0.1928,0.0211,neutral,659.219970703125,0.04,-0.35000000000000003,1.3,4.31,-2.54,588.5900268554688,0.02,-0.49,1.7999999999999998,5.43,-3.0300000000000002,465.682373046875,-0.19,-0.22,0.8999999999999999,3.06,-2.3,25.780000686645508,6.660000000000001,1,2.55,1.0,2.97,1.0,2.85,1.0,elevated,,,-0.5904,1.0,-0.0974,-0.6804,1.0,-0.1999,-0.5796,1.0,-0.051,0.4254,0.5,0.2459,0.1882,0.5,0.1351,-0.2877,0.4782,0.7857,-0.2334,0.47,0.6429,-0.1642,0.4897,0.6214,0.47000000000000003,0.09,0.75,24.170000076293945,1.61,2,-0.3429,-0.0931,2.569,1,0
2026-04-08,4,0.371,0.7876,0.8725,-0.9371,0.8462,0.25,0.75,0.371,0.0997,-0.0903,0.19,positive,676.010009765625,2.55,2.6,0.8500000000000001,3.95,0.1,606.0900268554688,2.97,3.42,1.32,5.01,-0.15,478.95672607421875,2.85,2.79,1.0,3.45,0.52,21.040000915527344,-18.39,1,0.58,1.0,0.6799999999999999,1.0,0.5700000000000001,1.0,normal,,,-0.0133,0.4286,0.0211,-0.5904,1.0,-0.0974,-0.6804,1.0,-0.1999,-0.5796,1.0,-0.051,0.4254,0.5,0.2459,-0.2985,0.4582,0.7357,-0.1391,0.4887,0.5679,-0.1393,0.5041,0.5839,0.04,0.47000000000000003,0.09,25.780000686645508,-4.74,1,7.8058,1.484,0.934,2,1
2026-04-09,10,0.0492,0.2155,0.7699,-0.9723,0.944,0.4,0.5,0.0492,0.0745,-0.0649,0.1394,neutral,679.9099731445312,0.58,-0.16999999999999998,1.09,3.7699999999999996,0.8,610.1900024414062,0.6799999999999999,-0.03,1.23,4.43,0.54,481.695556640625,0.5700000000000001,-0.35000000000000003,1.31,3.53,1.71,19.489999771118164,-7.37,1,-0.06999999999999999,0.0,0.13999999999999999,1.0,-0.5499999999999999,0.0,normal,,,0.371,0.25,0.19,-0.0133,0.4286,0.0211,-0.5904,1.0,-0.0974,-0.6804,1.0,-0.1999,-0.5796,1.0,-0.051,-0.1728,0.4479,0.6157,-0.1682,0.4651,0.6079,-0.1317,0.5058,0.5539,2.55,0.04,0.47000000000000003,21.040000915527344,-1.55,1,0.9589,0.492,2.82,3,0
2026-04-10,4,-0.1708,-0.1444,0.7099,-0.8885,0.4939,0.5,0.5,-0.1708,-0.0482,-0.0842,0.036,negative,679.4600219726562,-0.06999999999999999,0.21,0.53,3.5999999999999996,2.29,611.0700073242188,0.13999999999999999,0.27,0.67,4.46,2.44,479.04669189453125,-0.5499999999999999,0.06,0.7799999999999999,3.05,2.74,19.229999542236328,-1.3299999999999998,-1,0.98,1.0,1.03,1.0,0.6,1.0,normal,,,0.0492,0.4,0.1394,0.371,0.25,0.19,-0.0133,0.4286,0.0211,-0.5904,1.0,-0.0974,-0.6804,1.0,-0.1999,-0.0709,0.351,0.5157,-0.1001,0.399,0.5579,-0.1503,0.4997,0.5789,0.58,2.55,0.04,19.489999771118164,-0.26,1,-3.2845,-0.6832,0.478,4,1
2026-04-13,8,-0.1674,-0.2917,0.6653,-0.8591,0.762,0.5,0.375,-0.2323,-0.1465,-0.0876,-0.0589,negative,686.0999755859375,0.98,-0.3,1.43,4.12,3.88,617.3900146484375,1.03,-0.26,3.05,4.91,4.12,481.92547607421875,0.6,-0.66,1.49,3.29,3.5900000000000003,19.1200008392334,-0.5700000000000001,1,1.22,1.0,1.82,1.0,0.7000000000000001,1.0,normal,,,-0.1708,0.5,0.036,0.0492,0.4,0.1394,0.371,0.25,0.19,-0.0133,0.4286,0.0211,-0.5904,1.0,-0.0974,0.0137,0.2216,0.4157,-0.1168,0.3979,0.6079,-0.1151,0.4701,0.5539,-0.06999999999999999,0.58,2.55,19.229999542236328,-0.11,1,-3.2007,-1.3392,1.734,0,0
2026-04-14,13,0.0458,0.0,0.5776,-0.9153,0.7678,0.3846,0.4615,0.0458,-0.0504,-0.0634,0.013,neutral,694.4600219726562,1.22,0.22999999999999998,1.01,5.35,4.08,628.5999755859375,1.82,0.45999999999999996,1.38,6.800000000000001,4.83,485.2840270996094,0.7000000000000001,0.06,0.8500000000000001,4.21,3.45,18.360000610351562,-3.9699999999999998,1,0.79,1.0,1.4000000000000001,1.0,-0.16,0.0,normal,,,-0.1674,0.5,-0.0589,-0.1708,0.5,0.036,0.0492,0.4,0.1394,0.371,0.25,0.19,-0.0133,0.4286,0.0211,0.0256,0.2214,0.4069,-0.131,0.3882,0.5963,-0.0992,0.4699,0.5232,0.98,-0.06999999999999999,0.58,19.1200008392334,-0.76,1,0.8409,0.5954,2.627,1,1
2026-04-15,20,0.1292,0.0,0.5524,-0.8625,0.9748,0.45,0.45,0.1381,0.0394,-0.0283,0.0677,positive,699.9400024414062,0.79,0.12,0.88,3.54,4.63,637.4000244140625,1.4000000000000001,0.08,1.53,5.17,5.779999999999999,484.5143737792969,-0.16,0.21,0.8699999999999999,1.16,3.16,18.170000076293945,-1.03,1,0.25,1.0,0.48,1.0,0.19,1.0,normal,,,0.0458,0.3846,0.013,-0.1674,0.5,-0.0589,-0.1708,0.5,0.036,0.0492,0.4,0.1394,0.371,0.25,0.19,-0.0228,0.1377,0.4469,-0.1607,0.3505,0.5913,-0.1277,0.4348,0.5457,1.22,0.98,-0.06999999999999999,18.360000610351562,-0.19,1,2.3476,2.584,3.059,2,0
2026-04-16,26,0.2621,0.3906,0.519,-0.8481,0.9432,0.3077,0.6154,0.264,0.1508,0.0245,0.1263,positive,701.6599731445312,0.25,0.16,0.61,3.2,6.370000000000001,640.469970703125,0.48,0.27999999999999997,1.09,4.96,7.8,485.42401123046875,0.19,0.22999999999999998,0.7100000000000001,0.77,5.11,17.940000534057617,-1.27,1,1.21,1.0,1.31,1.0,1.81,1.0,normal,,,0.1292,0.45,0.0677,0.0458,0.3846,0.013,-0.1674,0.5,-0.0589,-0.1708,0.5,0.036,0.0492,0.4,0.1394,0.0198,0.1889,0.4285,-0.0765,0.3396,0.5221,-0.0682,0.3996,0.511,0.79,1.22,0.98,18.170000076293945,-0.23,1,4.7021,6.8146,2.937,3,0
2026-04-17,48,0.178,0.2833,0.5709,-0.9517,0.936,0.375,0.5625,0.175,0.1644,0.0524,0.112,positive,710.1400146484375,1.21,0.64,0.9400000000000001,4.52,7.920000000000001,648.8499755859375,1.31,0.8,0.9299999999999999,6.18,9.55,494.2200012207031,1.81,1.08,1.38,3.17,7.470000000000001,17.479999542236328,-2.56,1,-0.2,0.0,-0.32,0.0,0.02,1.0,normal,,,0.2621,0.3077,0.1263,0.1292,0.45,0.0677,0.0458,0.3846,0.013,-0.1674,0.5,-0.0589,-0.1708,0.5,0.036,0.0895,0.1636,0.4035,0.0093,0.2717,0.4596,-0.0752,0.3936,0.5298,0.25,0.79,1.22,17.940000534057617,-0.46,1,3.1114,8.544,3.446,4,0
2026-04-20,72,-0.0652,-0.0809,0.5984,-0.9747,0.9287,0.5278,0.3889,-0.0718,0.0371,0.0582,-0.0211,negative,708.719970703125,-0.2,-0.19,0.53,3.3000000000000003,9.27,646.7899780273438,-0.32,-0.12,0.96,4.760000000000001,11.26,494.3299865722656,0.02,-0.16,0.5,2.5700000000000003,8.48,18.8700008392334,7.95,-1,-0.65,0.0,-0.38,0.0,-0.6,0.0,normal,,,0.178,0.375,0.112,0.2621,0.3077,0.1263,0.1292,0.45,0.0677,0.0458,0.3846,0.013,-0.1674,0.5,-0.0589,0.11,0.1254,0.409,0.0619,0.1772,0.4124,-0.066,0.3915,0.5062,1.21,0.25,0.79,17.479999542236328,1.39,1,-1.2303,-4.6944,3.309,0,1
2026-04-21,69,0.1413,0.0258,0.4872,-0.93,0.9153,0.3188,0.4928,0.1356,0.0892,0.0733,0.0159,positive,704.0800170898438,-0.65,0.22,1.22,1.39,7.430000000000001,644.3300170898438,-0.38,0.25,1.24,2.5,9.58,491.3599853515625,-0.6,0.59,1.63,1.25,6.41,19.5,3.34,-1,1.01,1.0,1.67,1.0,0.69,1.0,normal,,,-0.0652,0.5278,-0.0211,0.178,0.375,0.112,0.2621,0.3077,0.1263,0.1292,0.45,0.0677,0.0458,0.3846,0.013,0.1291,0.1204,0.3959,0.0773,0.1767,0.4014,-0.078,0.3805,0.5221,-0.2,1.21,0.25,18.8700008392334,0.63,1,2.7554,9.7497,2.443,1,1
2026-04-22,74,0.1224,0.128,0.5009,-0.8779,0.93,0.2703,0.527,0.1265,0.1058,0.0822,0.0236,positive,711.2100219726562,1.01,0.72,0.45999999999999996,1.6099999999999999,8.88,655.1099853515625,1.67,0.8999999999999999,1.06,2.78,12.18,494.760009765625,0.69,0.8099999999999999,0.59,2.11,7.33,18.920000076293945,-2.97,1,-0.38999999999999996,0.0,-0.5599999999999999,0.0,-0.36,0.0,normal,,,0.1413,0.3188,0.0159,-0.0652,0.5278,-0.0211,0.178,0.375,0.112,0.2621,0.3077,0.1263,0.1292,0.45,0.0677,0.1277,0.1204,0.3599,0.0525,0.1455,0.4034,-0.0433,0.3644,0.4856,-0.65,-0.2,1.21,19.5,-0.58,1,2.3158,9.0576,2.176,2,0
