date,article_count,mean_compound,median_compound,std_compound,min_compound,max_compound,pct_negative,pct_positive,weighted_compound,sent_ema3,sent_ema10,sent_momentum,dominant_sentiment
2020-03-16,1,-0.9042,-0.9042,,-0.9042,-0.9042,1.0,0.0,-0.9042,-0.9042,-0.9042,0.0,negative
2020-03-27,1,-0.1921,-0.1921,,-0.1921,-0.1921,1.0,0.0,-0.1921,-0.5482,-0.7747,0.2266,negative
2021-01-27,1,-0.128,-0.128,,-0.128,-0.128,1.0,0.0,-0.128,-0.3381,-0.6571,0.3191,negative
2021-11-22,1,-0.1027,-0.1027,,-0.1027,-0.1027,1.0,0.0,-0.1027,-0.2204,-0.5563,0.3359,negative
2022-01-05,1,0.2023,0.2023,,0.2023,0.2023,0.0,1.0,0.2023,-0.009,-0.4184,0.4094,positive
2022-06-13,1,-0.872,-0.872,,-0.872,-0.872,1.0,0.0,-0.872,-0.4405,-0.5009,0.0604,negative
2022-09-13,1,-0.2732,-0.2732,,-0.2732,-0.2732,1.0,0.0,-0.2732,-0.3569,-0.4595,0.1026,negative
2022-11-10,1,0.7003,0.7003,,0.7003,0.7003,0.0,1.0,0.7003,0.1717,-0.2486,0.4203,positive
2023-03-10,1,-0.9274,-0.9274,,-0.9274,-0.9274,1.0,0.0,-0.9274,-0.3778,-0.372,-0.0058,negative
2023-07-26,1,0.3182,0.3182,,0.3182,0.3182,0.0,1.0,0.3182,-0.0298,-0.2465,0.2167,positive
2023-10-19,1,-0.25,-0.25,,-0.25,-0.25,1.0,0.0,-0.25,-0.1399,-0.2472,0.1073,negative
2024-01-25,1,0.3818,0.3818,,0.3818,0.3818,0.0,1.0,0.3818,0.1209,-0.1328,0.2537,positive
2024-09-18,1,-0.5719,-0.5719,,-0.5719,-0.5719,1.0,0.0,-0.5719,-0.2255,-0.2126,-0.0128,negative
2024-11-06,1,0.34,0.34,,0.34,0.34,0.0,1.0,0.34,0.0573,-0.1122,0.1694,positive
2025-02-03,1,-0.8519,-0.8519,,-0.8519,-0.8519,1.0,0.0,-0.8519,-0.3973,-0.2467,-0.1507,negative
2026-03-24,1,0.0,0.0,,0.0,0.0,0.0,0.0,0.0,-0.1987,-0.2018,0.0032,neutral
2026-03-28,3,-0.3695,-0.8442,0.8824,-0.9129,0.6486,0.6667,0.3333,-0.3695,-0.2841,-0.2323,-0.0518,negative
2026-03-29,2,-0.0917,-0.0917,0.3812,-0.3612,0.1779,0.5,0.5,-0.0917,-0.1879,-0.2067,0.0189,negative
2026-03-30,4,0.1882,0.1819,0.6502,-0.4588,0.8481,0.5,0.5,0.1882,0.0002,-0.1349,0.1351,positive
2026-03-31,2,0.4254,0.4254,0.7469,-0.1027,0.9536,0.5,0.5,0.4254,0.2128,-0.033,0.2459,positive
2026-04-01,2,-0.5796,-0.5796,0.0976,-0.6486,-0.5106,1.0,0.0,-0.5796,-0.1834,-0.1324,-0.051,negative
2026-04-02,7,-0.6804,-0.7469,0.2496,-0.9199,-0.2782,1.0,0.0,-0.6804,-0.4319,-0.232,-0.1999,negative
2026-04-03,3,-0.2032,-0.515,0.9277,-0.9349,0.8402,0.6667,0.3333,-0.2032,-0.3176,-0.2268,-0.0908,negative
2026-04-04,1,0.1779,0.1779,,0.1779,0.1779,0.0,1.0,0.1779,-0.0698,-0.1532,0.0834,positive
2026-04-06,4,-0.5904,-0.5874,0.2858,-0.891,-0.296,1.0,0.0,-0.5904,-0.3301,-0.2327,-0.0974,negative
2026-04-07,7,-0.0133,0.0,0.7081,-0.9217,0.875,0.4286,0.4286,-0.0133,-0.1717,-0.1928,0.0211,neutral
2026-04-08,4,0.371,0.7876,0.8725,-0.9371,0.8462,0.25,0.75,0.371,0.0997,-0.0903,0.19,positive
2026-04-09,10,0.0492,0.2155,0.7699,-0.9723,0.944,0.4,0.5,0.0492,0.0745,-0.0649,0.1394,neutral
2026-04-10,4,-0.1708,-0.1444,0.7099,-0.8885,0.4939,0.5,0.5,-0.1708,-0.0482,-0.0842,0.036,negative
2026-04-11,4,0.48,0.5711,0.5245,-0.1655,0.9432,0.25,0.75,0.457,0.2159,0.0184,0.1975,positive
2026-04-12,2,-0.467,-0.467,0.6239,-0.9081,-0.0258,0.5,0.0,-0.467,-0.1255,-0.0699,-0.0557,negative
2026-04-13,8,-0.1674,-0.2917,0.6653,-0.8591,0.762,0.5,0.375,-0.2323,-0.1465,-0.0876,-0.0589,negative
2026-04-14,13,0.0458,0.0,0.5776,-0.9153,0.7678,0.3846,0.4615,0.0458,-0.0504,-0.0634,0.013,neutral
2026-04-15,20,0.1292,0.0,0.5524,-0.8625,0.9748,0.45,0.45,0.1381,0.0394,-0.0283,0.0677,positive
2026-04-16,26,0.2621,0.3906,0.519,-0.8481,0.9432,0.3077,0.6154,0.264,0.1508,0.0245,0.1263,positive
2026-04-17,48,0.178,0.2833,0.5709,-0.9517,0.936,0.375,0.5625,0.175,0.1644,0.0524,0.112,positive
2026-04-18,34,0.2558,0.4404,0.5096,-0.8516,0.9682,0.1765,0.6765,0.2584,0.2101,0.0894,0.1207,positive
2026-04-19,39,0.0686,0.1027,0.5261,-0.9186,0.9136,0.359,0.5641,0.0755,0.1393,0.0856,0.0538,positive
2026-04-20,72,-0.0652,-0.0809,0.5984,-0.9747,0.9287,0.5278,0.3889,-0.0718,0.0371,0.0582,-0.0211,negative
2026-04-21,69,0.1413,0.0258,0.4872,-0.93,0.9153,0.3188,0.4928,0.1356,0.0892,0.0733,0.0159,positive
2026-04-22,74,0.1224,0.128,0.5009,-0.8779,0.93,0.2703,0.527,0.1265,0.1058,0.0822,0.0236,positive
2026-04-23,69,-0.0268,0.0,0.5235,-0.9371,0.8516,0.4058,0.3768,-0.0295,0.0395,0.0624,-0.0229,neutral
